,Country Name,1960,1961,1962,1963,1964,1965,1966,1967,1968,1969,1970,1971,1972,1973,1974,1975,1976,1977,1978,1979,1980,1981,1982,1983,1984,1985,1986,1987,1988,1989,1990,1991,1992,1993,1994,1995,1996,1997,1998,1999,2000,2001,2002,2003,2004,2005,2006,2007,2008,2009,2010,2011,2012,2013,2014,2015,2016,2017,2018
8,United Arab Emirates,0.119036540896155,0.1091358220652569,0.16354181532753,0.175833133541117,0.132815159834551,0.146821927863601,0.160452309365604,5.4000164930964605,6.8071021793889,101.053155295589,65.01750869891521,76.34985205234571,70.865255855551,77.61913462147609,67.0161768889973,56.66747097821429,62.1565369651025,52.7449748214108,53.6379584391584,39.2890608230516,36.19856263860871,33.6102040667444,31.6545145327674,28.7698682167955,35.8546828751826,36.5447841219765,32.6569995837902,31.1002239283847,29.7269259797378,31.5748454518693,30.2991024574541,31.7475230479274,29.0516987742171,28.599235666445,29.7640710310468,30.0774419599362,29.8567890226578,30.4900760324045,29.805766642708303,28.9949963402246,26.9745350051546,29.145656219324497,28.2053795466155,27.891143450673,27.0315641070576,25.3431503532305,22.916237435313395,21.3475907811607,22.0326269069436,19.8525570618923,19.0432793083694,18.5899325991994,19.223116133525,20.0154208978824,19.9518524813163,20.9480922596993,21.307609517171,21.950614332607497,20.7974984025486
9,Argentina,2.3833427376261898,2.4585509531269,2.53844723609966,2.33068461899148,2.5534415634371497,2.65646645767414,2.80689601610312,2.8710992816465004,2.98177718766029,3.2881609200729702,3.4645268009582995,3.66615896312069,3.65700859913686,3.7541547244774094,3.75336616225436,3.6701508460504297,3.7992619822795497,3.78041563238415,3.79288180377096,4.02980880305759,3.89788777329024,3.60081015539488,3.59179316919348,3.59556379664322,3.5821480153224097,3.3292250959780496,3.39465765033634,3.6858837898205,3.83571555712681,3.64223211441459,3.0608258196354403,3.1838929118841,3.20167542914679,3.26846227107407,3.30817356060368,3.2677572934643,3.59072376689167,3.57064352183687,3.69265825392029,3.679743269694991,3.57762821285442,3.34990858910446,3.1174247964060497,3.3701021737474104,3.6851842085505098,3.76212392773554,3.954453814005421,4.12329277901139,4.19534263823654,3.88906040211758,4.12224508735352,4.29601548562594,4.277881788849,4.3598863443976095,4.216360632301759,4.31443352245988,4.22753944174089,4.0894715157252,3.987234198058899
12,Antigua and Barbuda,0.6774181630089411,0.866666666666667,1.83845726870669,1.48746935680147,1.5904477715515,2.5613213172285696,5.814611430097481,9.22139124755062,15.835612494602,19.7910562837317,7.19870995886825,6.609876619945919,5.8320703526990405,5.18515609043347,6.798488305761549,11.2927989022036,6.46913540647603,7.491859978765159,7.92059705341887,6.57062374895073,2.31184429608315,1.72106685656023,4.7484622855293,1.36520500493695,2.37407743105011,4.03586631059319,4.03789228228131,4.456516455203929,4.63139998056932,4.61280178044414,3.35822685621992,3.47205782554488,4.498983850199349,3.8007206166289103,3.72018273537596,3.9317334575955294,3.98996808025536,4.18369196870598,4.50702686461164,4.41920882770442,4.34170536924231,4.532974149096,4.980970139722599,5.169522512640111,4.97840616326683,5.03302153151162,5.31947047089403,5.474300539099599,5.62100381759843,16.0243477859885,5.566284221288201,5.71428571428571,7.96398508965014,5.136050704841,5.18571335969404,5.23666520610018,5.289885738468049,5.2397170552790095,5.50466338464095
13,Australia,8.58293664258675,8.64156901650291,8.83568804691864,9.2264399086758,9.75907343064386,10.6223213909378,10.3280924384173,10.9556247987118,11.2101677075527,11.6005543504852,11.8028905412969,11.8091175697612,11.9516315549822,12.7796868460389,12.559668731327,12.6598998056575,12.416791776526802,13.2318961386697,14.069858615406,14.1290919801571,15.024916008712198,15.4325008374087,15.4249318091975,14.6400841303923,15.2209752959341,15.3084102043407,14.9805731533736,15.7469578022492,15.7961677816625,16.519862915120402,15.4467304615853,15.3153205276556,15.3392397827951,15.416312899756598,15.6073928871465,15.9921425409473,16.3612036480804,16.566938488956097,17.511624178290802,17.5969565676847,17.689656972797998,17.769535878019898,17.9574992112521,17.692029313308602,18.1478978904379,18.117853570518,18.1206789094546,18.5028519848662,18.2830412439057,18.2074249597772,17.5814449601144,17.2681103655036,16.9692565563587,16.3986459950997,15.755876100915598,15.7864494009173,15.8720795379851,15.7386474030825,15.475516485656
14,Austria,4.37331882803344,4.49636164096378,4.75536167309783,5.155193747438441,5.39100398806667,5.2521965333262495,5.361724682623731,5.4177367270534695,5.711110104197981,6.00632517835173,6.78880730716105,6.953651911970461,7.448516814437999,7.93086698527507,7.56269727826075,7.176844854723701,7.7212500123917405,7.42806328393075,7.60137180396718,8.158846402209441,6.92847899968117,7.416160613895889,7.11212494091738,6.874373273419019,7.21427866724751,7.23076635313884,7.144304851624759,7.62341981462749,7.03203069825559,7.10244899742991,7.58936421003276,8.04911377864628,7.35520218898572,7.31124250265602,7.34490086966953,7.69726474086588,8.1542733229493,8.059697483986339,8.107272236986589,7.888819322139589,7.92978551259517,8.44410916140459,8.58331713469893,9.16834402049986,9.275613726244089,9.26611381933193,8.96156938002267,8.58780201813347,8.49967361637859,7.721144201177401,8.36501501063443,8.13547478127942,7.723614414297709,7.753699576040679,7.253383781344941,7.306745265570401,7.25562651573804,7.482751479215961,7.14663762463773
17,Belgium,9.94159407412845,10.1038719949198,10.6411896304115,11.3869287398935,11.0536547171057,11.141655554871098,11.0420194279754,11.2172567535028,12.325687126277002,12.8154496066362,13.0101788101329,12.5634251757595,13.4726952569298,14.2554864028118,13.8369655455829,12.4583038966604,13.2416797859736,12.8754387174913,13.807057935873802,14.239233815260198,13.7232962736892,12.579555069681598,11.9266847823165,10.3120794235109,10.6969663854393,10.5974402503959,10.4315417139407,10.4471727823271,10.135143850569,10.813514942144,10.9667747158004,11.390890046725,11.1825020572101,10.9187637432787,11.3586901344388,11.3023711303289,11.760782629132098,11.4563592173649,11.7034113861324,11.295253988713,11.4405560297525,11.5043206822099,10.7279886303644,11.1313145272907,10.9412245516012,10.555782313639302,10.3005719211244,9.84311621822562,9.98415215425847,9.23170144231094,9.771847058065529,8.65806434779962,8.54961568145011,8.65727005028135,8.04349554115034,8.44406111087655,8.32375671826537,8.1554911149366,8.179711061136139
21,Bulgaria,2.83390112126359,3.26992007420763,3.83589181806542,4.25978092742826,5.262987915533981,5.64565194179349,5.90543671471388,6.638369161079369,7.11221440252304,7.86993281616737,7.21342437205919,7.53255267592467,7.7156567011030495,7.983550221222281,8.21095803598331,8.37787747877417,8.347946172669849,8.62876646248721,9.236529547430733,8.96813200633587,8.74423866745434,9.03643153048149,10.107275314027302,10.108336620156,9.74996147055374,9.99278347627662,10.217299937677,10.2141340013258,9.71884349134872,9.77126186722229,8.43743537292696,6.7895630480029405,6.45537954540452,6.57081484123639,6.33853534592095,6.506015238755531,6.58389879210688,6.420784815523651,6.12708140915848,5.39544862850862,5.30343792027879,5.76591100519881,5.56706695192302,6.1592264865516295,6.11388569962394,6.25149171455386,6.442554698565531,6.9738426562203095,6.67728964769189,5.7720906721967005,6.064417500191669,6.759360768871501,6.175840637031389,5.480986880455441,5.84584197704908,6.22597604260022,5.855926256295401,6.223901903165751,5.854773433933519
22,Bahrain,3.54443479920458,10.548966938457,9.1918563012591,6.710612881858291,8.74202790779056,6.55408361432413,3.38430534191934,5.12474752626747,5.50090205928673,6.17582764260788,12.1941845752962,13.798416783546902,16.0665587320151,23.0558642658239,21.456873144163698,21.585964583177,23.171889647783605,24.6386635836778,24.01073985680189,23.726111713982306,21.9165955815136,22.788877900139,25.491603899956697,20.7560278571627,22.6107339041777,24.3051489170966,25.4038290293856,25.4577342916515,26.1467998572651,24.3993568650601,21.6564131414503,20.3035926569654,23.457125269078304,24.3746876235519,24.327225750104603,24.0199539469716,24.4875669865431,24.2382678883292,25.2730582029894,24.2718446601942,23.8937121018342,23.4965235466992,23.4241096933917,23.063844213748897,21.606418540307494,23.2804780258155,23.476064326503,22.212054166135697,22.222321905180603,20.867877560492,20.9370245248472,20.3653240261534,20.4393734489693,21.8702401239821,22.6185245866057,22.3055968824648,21.1811953067521,20.3336240367799,19.592975838515603
23,"Bahamas, The",3.74962568016653,4.7462451897601605,5.995986522643941,5.55780587403801,8.118110766239111,9.3992074825075,7.465217480410709,11.1724795408233,10.2857584085523,10.6260737223389,15.1983397883998,38.7167584850541,36.4920753613736,43.373140001873104,39.917911455660295,43.69844093279329,33.513843745302,49.3026382546931,32.796646846864704,33.6453048919613,37.9430692011454,13.0112158126704,10.2757673197627,8.95999466891757,8.07045273646988,6.44049126307129,5.906597774244831,5.848749306312049,6.224020109031691,7.734934733731099,6.94696499588256,7.2028719536257695,9.51027711368728,7.747219301643519,7.39535035472306,7.4238254829948,6.93710824705965,6.15945685422271,7.811424638678599,7.58340899739172,7.180123806807701,7.038576687440929,7.41085039508284,7.18567463903961,6.77343184077418,6.218292863123679,6.10212909930158,6.13538755198037,6.13943202979516,17.2196796338673,5.86021141839656,6.73001782620424,10.0115242545678,8.47037547458615,7.069139966273191,6.33351149118119,5.7948312222331,5.6319728407933,5.86046391017413
30,Barbados,0.7461480182695849,0.838739329702483,1.1192229487196002,0.816172442131215,0.765951370061555,0.8722978569759791,1.13388031378662,1.42551582220983,1.85482273300146,2.01870458852847,1.79593126687457,2.01606877335033,2.08004620677948,1.97624199838734,2.00855123588249,2.30902509770148,2.14761454698203,2.37168934363338,2.5208792965627502,2.3926603460554503,2.67337591327638,2.70722395932032,2.54013334487834,2.69133917603055,2.9279393173198502,3.3055373448841,3.5654974194627296,3.65261693254577,3.65326485693324,3.80860975300141,3.75575339263336,3.74171477442805,4.48856936361216,3.75186171926221,3.8883624708844704,4.02323701378053,4.00678532243388,4.362692638981589,4.71533486303252,4.80671461056368,4.56703411648147,4.8441433572849295,5.01055141666941,5.030419456787599,4.94037045513163,5.13896931094383,5.297774574285969,5.310350519015,6.35836911404342,16.4350229627864,5.635679879205049,5.9013311565549005,7.78997384542718,5.20587842163394,4.52909681383306,4.52112838953201,4.58365698850237,4.19244730617792,4.36087077867709
31,Brunei Darussalam,4.08406868444564,3.5572814399252004,4.13891868937464,3.80264058156938,3.4863472331551097,3.25907803496435,4.58058802692171,3.91334507230137,3.63910023155805,3.9460095795980497,63.3861885277542,55.4082640485878,66.6187374573109,67.2087451857039,52.7813038066925,43.808438766356296,35.825495174611895,36.603467321439794,52.657181803632405,39.661522633744895,35.501129564679204,7.3513425687532195,10.1611974920413,12.7609172313307,8.79033899237313,11.5676171805382,9.956863288540902,13.9693768021384,23.390900349829195,25.2432910727921,15.1518665398857,12.6968385623272,13.1075476107022,13.7387995058292,14.3028895982754,15.145803602681802,15.461886941106998,16.316089780165502,13.505256396196,12.844329182683802,13.296674930815302,12.6750912400709,12.572921502867802,14.8601027469961,13.6881875392979,13.2014286027301,19.4997056138626,18.241605261263,19.0291446373129,19.3538976092857,17.6515693428779,17.8060235669453,17.869808544926396,17.3584495096609,17.0092098648537,14.4126252669228,15.269503157523598,15.807539088910902,16.644908616187998
35,Canada,10.7708472869716,10.6278976520169,11.1306274846889,11.132102404556,12.3053704010349,12.814001473727,12.9349181464485,13.8103545953361,14.6326451986116,14.6186486113753,16.0141487525793,16.055332175092,17.154065922561802,16.9671352779285,17.0980056137397,17.160208915981,17.0286240723165,17.2028352375087,17.3556294623886,18.2661011628018,18.0796205544805,17.324935278787198,16.5151888315066,16.1113255456981,16.620252514024198,16.332990456354302,15.5191125933601,16.3101946446729,17.0221743658598,16.984192966171502,15.1355281967827,14.727817324133198,15.0151928373723,14.7353487028863,15.131378203319,15.3400869985988,15.6418976719455,16.0011647181357,16.1418407382375,16.2868110250336,16.783045409055,16.3418845783401,16.7560164628412,17.2342155682583,16.8202561907387,17.0566372965331,16.611928080946697,17.3708402727049,16.5488028165328,15.4866819144667,15.7339140263037,15.950224768522,15.7612634959816,15.858128708318,15.8541384273439,15.651386155996,15.2447471768292,15.3852910477258,15.4970252672198
36,Central Europe and the Baltics,5.22890327982306,5.460761919163259,5.796790472031491,6.21290852362992,6.612333621603709,6.7659294278379,6.93016805905018,7.143074035565901,7.561579657230481,8.06736536668636,8.350394197602,8.56047788628628,8.874687267786161,9.1767096811172,9.39740014064015,9.93713735269266,10.4330831410866,10.7715829969317,11.2496603984884,11.301807284602098,11.5408256763739,10.7772837141885,10.991030775016698,11.0354644357117,10.9667375108972,11.114126922957098,11.264229262211302,11.526676877145,11.092020834185,10.7639618703436,8.92804833903554,8.25775686959728,7.70355825107895,7.50513958661791,7.306747437234911,7.3658176291493405,7.5965421183918895,7.3799592774810305,6.949300035134179,6.58090722132067,6.53438652674119,6.6865105503721605,6.6003332412395,6.91428613927647,6.92427459743055,6.927355354808719,7.099956367668071,7.192342046045179,7.0526354274999,6.521535327010679,6.786153806123751,6.803902523198731,6.56254306163762,6.326934970979639,6.142062500684201,6.24998268897351,6.37248993580012,6.6259439670661,6.59723248598714
37,Switzerland,3.66436597885029,3.75182498407337,4.33357206868186,5.11129548823576,4.865282037605009,5.18573195603087,5.32762003122,5.43460087436382,5.93770157921089,6.20828885140393,6.51957044283522,6.75043498735555,6.863739818647501,7.334759289444519,6.5413112709249805,6.16813754134962,6.42342789469074,6.54098549092893,6.720778708058179,6.34085058619892,6.41494978643569,6.11563526014963,5.73116759023856,6.24251846887248,6.081245260495209,6.1553385319066205,6.5028246693943705,6.15003928125839,6.17452610843655,5.93778298855168,6.452219106222469,6.71619819946476,6.64692080302948,6.262372509553901,6.0896837839828,6.16985245900009,6.223265482158131,6.03054970682359,6.2236278166486905,6.2332105401588604,6.08414239482201,6.24632253984659,5.980985216657309,6.10982339421946,6.12750985334168,6.1650250130595,6.077017782358849,5.76603434962006,5.8789109108323805,5.63932761445853,5.77770297392596,5.20575431114562,5.3108338384273495,5.37497098034872,4.85183819699684,4.7124044781244505,4.730490994153111,4.5694192033924,4.401991043569019
49,Caribbean small states,1.4013363495125202,2.0599812543226,2.70374122885698,1.35023013194231,2.36295217436536,2.6019118056092303,2.52915430476128,2.9763625090078505,2.9381227887529904,3.0761647212495102,4.283398767820779,5.05952609765867,5.103337988269559,6.04718457260299,5.74621837503998,6.08649295629709,6.6266111787429,7.279666637062401,6.9193687154443895,6.92343675016066,7.08424733833608,5.86942484312486,5.62853196798378,5.03581870098238,5.02470430363654,5.50472435034157,4.76391956546428,4.96039879080277,4.5777572686573205,5.0116046045032805,4.71438922117225,4.56231036453256,4.657452316325919,4.614020268627709,4.72594041878609,4.806403358337031,4.82840981369161,4.92745139138967,5.146445644520711,5.16196974829098,5.03110008987507,5.21718157240242,5.26422089076613,5.20073655299872,5.26505584229321,5.78110379928862,6.319862842771539,6.28823685565328,5.807552958850111,7.02915018036384,5.6903630804424905,5.85842352016065,6.06138584743462,5.811900779342201,5.60539757547387,5.46232676843348,5.03206254724437,4.87631094431737,5.0170344081319405
53,Cyprus,1.54889664236481,1.50140353433888,1.56786441311693,1.7068563360199898,1.7301115742756998,1.98191651232762,2.12384314033688,2.30698747338496,2.71427664391515,2.7587758879827597,2.77885427089818,3.03585027220307,3.83048461629103,3.937764621598,2.9972116788775702,3.04758885299491,3.7477324021632703,4.01125734574867,4.17216410472735,4.41651299245599,4.68133578831878,4.42166228942061,4.484907100601981,4.464374218385309,4.561971578653179,4.408566791815759,4.97797946191048,5.69781471528262,5.60648547949967,5.78093131818018,5.94821918665929,6.474095318603379,6.7823284745381605,6.94961832061069,7.08394655861159,6.780524929535151,7.05268677598331,7.01309485070524,7.20802016044723,7.35382252990932,7.4950598332640705,7.21669023632838,7.277618100081071,7.820347396538921,7.6305658099187506,7.65819723896203,7.59439430401298,7.7464868178109,7.766501967513831,7.44930511097006,7.02847430876932,6.71208361744857,6.18477136609441,5.577576394437809,5.85786476923918,5.83985867197479,6.11012409106563,6.18809258403726,6.07940050216016
58,Denmark,6.50268309283578,6.881260154906441,7.9451073610820995,8.68983130048716,9.14639293937068,9.31657600359066,10.4490116586529,10.1493005475918,10.9613147942098,12.142974860278098,12.5996564651087,11.4972271507917,11.948834601197698,11.801611792919,10.9167686263068,11.0237664584528,11.8549028939028,12.154585147174402,11.9739262277225,12.3121966244144,11.7840138262008,10.111942388001198,10.491964531704,9.81084223305764,9.9501332161102,11.7474430895414,11.503296531182102,11.3793050315349,10.7432506302739,9.5050900188092,10.1304450412658,12.1704255361254,11.024158008419398,11.4269128563466,12.1374981272257,11.449594745109902,13.9272219999187,12.056784959520302,11.2627325530865,10.7031475634461,9.87149637726758,10.0489234216052,10.0410514941505,11.0081041462375,9.971277761238133,9.27587983390141,10.7057362589181,9.77764464230849,9.12330865198018,8.67086298533703,8.68470675054793,7.73529181563401,6.83349870125968,7.120299943080339,6.33652138088678,5.91186777544685,6.17666519436942,5.78145977956558,5.761494163596059
63,East Asia & Pacific,1.18297260772581,1.02215367652796,0.9251174706969528,0.945461548211632,0.974570119696027,1.03663605528715,1.09112058976805,1.07488749961739,1.1643434228715202,1.3204210965719,1.59326071029024,1.69555853220444,1.74384262092523,1.81834900892854,1.79868847277519,1.8643331148282,1.92499024891655,2.03378420965803,2.11736254733577,2.16644701498978,2.1313795373311,2.07926197534491,2.12140593888127,2.15403993846694,2.26991737024446,2.34242073057565,2.38997590643193,2.4669160064076903,2.62793286960327,2.67162594561585,2.49446718050827,2.56959645975494,2.63188647331359,2.75899409428544,2.85563649710278,3.0561863244251697,3.05959686780842,3.0904880116357005,3.0554687005930696,3.04205884254961,3.16843592989046,3.25985221796207,3.40922573364815,3.7175930823515,4.08430407646288,4.41376194758394,4.69011227424929,4.97609168786038,5.03238006920182,5.22176728290531,5.6293350174691605,6.03584204348505,6.15012838697755,6.298870519032951,6.24267957785307,6.19247158019,6.165075415101549,6.23725325340775,6.36117965117565
64,Europe & Central Asia (excluding high income),8.84880679453387,9.007024967962579,9.37788979267614,9.91346171292484,10.4220376727274,10.9108011355567,11.404401194384802,11.8271711749452,12.0717333773926,12.4948061412902,12.976494893183698,13.6234319421215,14.1956445557471,14.685539346205198,15.0777911846555,15.6987733143977,16.1688889945592,16.5604396438419,16.9773981443284,16.9263772849675,17.3331562251146,16.9056756251266,17.087042082102197,17.1774181254628,17.0990402001914,18.2023199397724,18.148994473336305,17.9982537085145,18.224362837935104,17.7720628189727,10.4734295053691,10.1021116542323,9.27228244505496,8.392711012780829,7.425532732450759,7.19776086075598,6.96913734971812,6.592517747552541,6.52756945393508,6.48828281028238,6.64242374603822,6.62381179603359,6.7053285284126405,6.943507858094679,6.985756612219781,6.98359927072122,7.30249300809814,7.406983999629331,7.54012287079753,6.881470396790509,7.2278917198209,7.59969995245695,7.53507160495445,7.34128216987557,7.08164748134449,6.84690784774041,6.8770003018167,6.97348857255,7.07331347955603
65,Europe & Central Asia,7.253356013018941,7.415604227347469,7.73822894048008,8.189670354190131,8.51718513708866,8.816231779016759,9.11452899705776,9.335340674960811,9.6659675455886,10.0813377602304,10.6112211309981,10.977746277058802,11.3960300975244,11.843852703631,11.8649131319784,11.9696051938138,12.5027360797755,12.6274530567558,12.955919415571802,13.1773117556296,13.170631798357402,12.629707706197696,12.5612875653939,12.5123707097479,12.4767511673084,13.0871757165801,13.0495275004242,13.0520854493543,13.087206511340598,13.0425379688845,9.476590535747269,9.31316332746053,8.787913940138951,8.29109960587842,7.823039813708331,7.750880181634019,7.77303809548078,7.50088611617054,7.48026145528324,7.412124431605831,7.48216015938433,7.53652044148042,7.534290522144269,7.73619964741557,7.746554807099099,7.70038825224257,7.83009775141114,7.791653169773901,7.728668295641611,7.102064943975769,7.36862781933412,7.36389549461738,7.29048889234514,7.10863643343444,6.76855016183679,6.694111202079589,6.685154723198839,6.721799839876,6.69010595705676
70,Spain,1.60659271055656,1.74622171978822,1.93578153318373,1.87950931235422,2.03772525684378,2.22561019346008,2.40773570917425,2.64722755876329,2.93409753966508,2.89710186766242,3.4579698591709,3.75994979034019,4.190966866158241,4.440462955344151,4.8949886404547405,5.07985214456106,5.49129460300474,5.35894297593551,5.43859432352152,5.47831588706293,5.73477895392154,5.489822340222029,5.52588710812812,5.367036187315019,5.1904825375516905,5.23099848524203,4.93636135990336,4.93419319699474,5.1341107689725,5.837882861346331,5.53215372028976,5.702608833831509,5.93702104708182,5.54123493296531,5.77661574566992,6.0562807669409295,5.76838440012262,6.206345600807881,6.36990671301203,6.891100140825451,7.230107062082441,7.21632868721128,7.548593755513611,7.55339626091952,7.817921366239769,8.029202013004559,7.698212588016861,7.842252303352059,7.05399426114393,6.2008570378595,5.8666424257502605,5.87043576026433,5.75694702858302,5.20806018098009,5.184066860004941,5.51794438614828,5.31429460704187,5.65403956917695,5.5203503997221794
73,European Union,4.72928572541905,4.932845596833991,5.29904968556454,5.736879245707691,6.011416269379821,6.18818654212923,6.41651476863992,6.6769458640589,7.095467680969571,7.54163397788384,8.06682072788512,8.2571945488159,8.6821027214397,9.15280047863919,9.09417924680875,8.88032482911369,9.58349575454026,9.47149831143317,9.81302025167878,10.1327794768164,9.98926354563134,9.33986755461287,9.103718072034413,8.93012053630711,8.897907775808491,9.04119475167549,8.956174821341401,9.12841587630106,8.95641031311904,9.20037069916896,8.472880884309959,8.35528811146986,8.060522613407969,7.89145762832075,7.842940420145579,7.9535976248859,8.16883495425843,7.99599010191486,7.96599252406392,7.8247873725344,7.83150674729532,7.95109272430191,7.916832031953289,8.10273105293447,8.084480756120861,8.01066253551292,8.00243854637839,7.88380650384707,7.682107735496791,7.09733195825314,7.281549192713291,7.072379568768881,6.92720467882331,6.7429737169052,6.40022381699849,6.51638883308948,6.5189225301446605,6.55914292168476,6.4240387413347495
75,Finland,3.40984672774319,3.3488772148876804,3.74256736643435,4.27963090737334,5.02418994390072,5.54983706317549,6.44405024461516,6.21338658857288,7.20089013889426,8.204342329931,8.76964388174735,8.799132243625712,9.518307280042473,10.5842903284362,9.952067700029891,9.785017744044278,10.8512429152813,10.5972997542469,10.9233904566159,11.4034573078207,12.1866725528739,10.7314031938573,8.92566418469036,8.56224665538254,8.6555809400748,10.131326182539,10.8433328846555,11.6899438639304,10.549939846125,10.5924355774377,10.9416935680049,10.995783586703698,10.3689176817417,10.5517732643803,11.7779241256419,10.9812658703666,12.2097977724193,11.7941529251425,11.112840249477198,10.9399447175613,10.6448561099446,11.7752324206131,12.1985971613264,13.755957685899196,12.945251227388802,10.5716708195961,12.7262797867484,12.3092165968325,10.6636072314539,10.1482129836065,11.6587537047727,10.2296246366182,9.126388006141893,9.22784673280171,8.45187193583022,7.81453741205224,8.31801267373246,7.80833860122355,8.042752049895519
77,France,5.81743531036457,5.95275397653278,6.23540842259512,6.875291379897469,7.0139945523702405,7.06275207370249,6.89913997676309,7.326519797191531,7.515931986760781,8.01484111319316,8.449427955373041,8.829916240415551,9.10589769494911,9.709105990285927,9.31238202698581,8.286812040260779,9.325008950105213,8.82830186597347,9.24925441380991,9.63552950983764,9.16153198126737,8.20310996816577,7.84102701881981,7.54328702412502,7.19488061940788,7.07584870756449,6.7679993897795,6.58768894111375,6.45890206598263,6.74228227970014,6.12235968730942,6.50093053522882,6.264271582765599,5.913536993519419,5.806442913200019,5.91650545807202,6.1580073802034905,5.98917622411439,6.333336678503031,6.19868439783533,6.12747793966756,6.14204323283934,6.00547532632575,6.054152566444019,6.02743954575417,6.027601800816081,5.8408041976332,5.6690313848081,5.564428999658389,5.3144144218630895,5.3506589250195,5.10431227537594,5.122311190220549,5.10055617017218,4.59237682939366,4.666086596508469,4.686612202390911,4.727575621633751,4.61924120513374
80,Gabon,0.263538035861871,0.326250066726902,0.172131003256501,0.141699818189898,0.363283043527132,0.405643874553067,0.7021812899198889,1.8267028123612497,3.4676092285992497,2.48214644313799,3.53435587298517,4.73785230965955,4.47805559869545,8.530042670416782,8.59066324898895,8.29061460485717,8.63250115664093,9.33743922491808,10.9255806426443,9.529808631071631,9.13297996103726,8.82902530566205,8.5826958420383,7.038827583744019,7.4467996576895,7.63896448706153,5.84527181866521,4.60330987067885,4.82418372525799,6.248533637034839,4.34968978180987,4.4579492408676105,4.59816891139099,4.56413040206104,4.19956642314226,4.24903981838811,4.241004039736049,4.23189746716994,4.2134555377882,4.01982222711495,3.80182015192627,3.64067637089748,3.36099230775202,3.3258936350426502,3.2722996510531903,3.32961777713854,2.8248903606909503,2.7503030426500694,2.71972120552795,2.67699220804054,2.9369280840515604,3.34791814696292,3.33204357147062,3.1369182254948904,2.91962898416552,2.81358943158305,2.8437926133109395,2.27623628688714,2.17527220393767
81,United Kingdom,11.1507591603053,11.1541389204545,11.1429283943662,11.254853457595502,11.2658388888889,11.4561595126228,11.3189607765995,10.7841045544886,10.9934882280386,11.3426704063274,11.732397299834302,11.8230362899475,11.5623541783507,11.7455269442877,10.983592860989098,10.7360536444124,10.6545420185253,10.7618685096132,10.7672949904499,11.4653910395961,10.2867570419519,9.955296647774473,9.74046165830407,9.68779840493774,9.381702908748188,9.90013978359926,10.0346393903213,10.0677466746359,10.0207439610864,10.1919306282382,9.72425282701003,9.931929002850447,9.603614785461213,9.364743235171929,9.252278701328391,9.03651784595503,9.36373662363249,8.95674352264695,8.97684501282085,8.9014664107674,9.00148361810467,9.20979383630894,8.930869498290551,9.08804728145118,9.04048907859009,8.9501524191421,8.90169773868215,8.62913806968256,8.3228443641371,7.4686553963492,7.67592642970483,7.0254246009370105,7.33247132682362,7.06490255865771,6.421598191445139,6.14854495774701,5.774741667985411,5.54626594443601,5.39870813789348
89,Greece,1.12892048165296,1.1697826281101,1.20320119011869,1.4456748971800102,1.5537644459521398,1.99125355702521,2.16520985120015,2.24941398567126,2.55366995909397,2.90383384301686,2.7483297140867204,3.1495959250987102,3.55205212772995,4.172512169778631,4.04138251390144,4.29709731045269,4.67028008902771,5.049153465351321,5.098824289692031,5.37207896979742,5.33364255450218,5.21329215209649,5.32696641804347,5.640921403847231,5.76556187821481,6.1001622660882,5.93248834955168,6.34683266345652,6.7739326648256695,7.35253726201244,7.4160579131162,7.346951194519111,7.517986479740809,7.46528698909173,7.583999957385781,7.84309789869547,7.8010708091395795,7.8564829913615295,8.12741260699469,8.12139496945556,8.74159526062281,8.89420235364475,8.86074161288612,9.170878297814712,9.11444225135943,9.27888290077084,9.13763086911301,9.44112367383257,9.064040547251038,8.5297429543864,7.87494961264114,7.61375677527549,7.251237685503439,6.60999592255908,6.385178380584719,6.28506934230783,6.2036172888735495,6.2112500056952,6.08317505028006
95,High income,7.63240627959327,7.70120560345102,7.9572061199708495,8.29674875828107,8.6116257174491,8.884268574935241,9.171825387823269,9.4863420532364,9.8907952534312,10.4282112494904,11.2279718249892,11.3183057986569,11.766206981818302,12.2623714066821,11.8615294333759,11.371439276372,11.9044671967285,12.0436415690299,12.2539465793564,12.4781151493302,12.1180357185394,11.5333634445754,11.0179664950454,10.9061649087708,11.135370594132302,11.1885651544773,11.1315851554895,11.3593069166303,11.6937376609591,11.9091145749532,11.4415655660065,11.4015259307133,11.3509534285865,11.3643102115467,11.475601099512902,11.5454971258383,11.8184946292414,11.9543276196896,11.8829486226924,11.8943676454294,12.093100578396,12.0750569257725,11.912453671098302,12.037158667318804,12.0914355936032,12.0545108276866,11.9081518009699,11.9657426624769,11.6305068658084,10.8998449053597,11.283963564686598,11.020482448995,10.8324316234856,10.8523380283936,10.617913695706,10.5196571432781,10.3737599450635,10.2650970839991,10.254533148094
101,Hungary,4.54446524112109,4.88332679749706,5.02503803022421,5.57904556794361,6.16624075392534,6.04003720954066,6.0650407278841305,5.758242269153231,5.9629155752127,6.06091395991522,6.77148766046522,6.68245804186664,6.67702567171057,7.00424240478027,7.0717354791424905,7.1523812144082,7.54942715963511,7.814048437687679,8.25354722802121,8.05570632778757,8.10934923530887,8.08620576020123,8.11460893827352,8.33881327808516,8.51638385297469,8.08593742736798,7.858277980359269,7.95612952393731,7.38591771027511,7.25932931420886,6.498947174413541,6.22264638402067,5.593412348962199,5.63648277681836,5.586195194885991,5.5600924197148505,5.66954229938248,5.53812521585472,5.586091557355571,5.656637880426231,5.35012781840238,5.52633914093009,5.4761439756313095,5.74852668706375,5.579220879959591,5.54769895901335,5.5066986914392,5.35612354287783,5.28282594428397,4.77318872753214,4.78798898762533,4.704300468715201,4.3778644368018,4.12005075870189,4.11798832165675,4.40718039205009,4.53229017294946,4.7558399773763,4.7455062439364095
111,Ireland,3.95272679063848,4.37796487749611,4.626338040584621,4.71896552328537,4.964723099195901,4.77284780870955,5.23113645804486,5.65504728763631,6.11260997067449,6.3132944606414005,6.564577901766841,7.51894019150749,7.261912178737839,7.407792738054731,7.427501195219119,6.91424746437585,6.885427958184709,7.180491438669191,7.08043495238953,8.11821356057799,7.69330754805438,7.54108514335361,7.329160881289799,7.323345581951799,7.22723580952791,7.553554722586981,8.058782831264889,8.53029908840451,8.465951138583849,8.54969668263454,8.82192070857667,8.915649355518239,8.87751058753439,8.8695987233594,9.1661453670998,9.28830059290503,9.616468408334269,9.83895414775197,10.4156117279734,10.727642001435,11.2005390555071,11.6159279176192,11.2005578915484,11.064623456251098,11.0214035361851,11.245424785223902,11.1873129646707,10.688933839091302,10.3239883605106,9.04445608136042,8.90978486476885,7.93871902786062,8.0660362693343,7.72522089979359,7.63245694263742,7.8669371072512995,8.14033080739843,7.8067341350438095,7.62432519277565
112,"Iran, Islamic Rep.",1.706876994833,1.62549163445746,1.62375147417947,1.74583313028083,1.95660991066468,2.15451191581281,2.50392395835529,2.58160780758982,3.04835262462593,2.99356879297508,3.222046377987529,3.47394401457052,3.5283326730461,4.19325104889156,4.52744092685189,4.257581354370569,4.6434859514777,4.71136717621888,4.51797658289742,4.40497189029932,3.12807831174365,2.8084538794128195,3.2961566693212,3.43255734982448,3.31316130753528,3.39552548380002,3.01256659957337,3.11704206577275,3.31808455183262,3.48773661233295,3.1799192040792104,3.77381552479432,3.97071294678346,3.87249557173735,4.31056905717137,4.43340195341159,4.49860124226183,4.61556914896625,4.57748312866931,5.037123341312911,5.19250778803785,5.28238820230417,5.47998945556813,5.73492512001866,6.087051699215031,6.467672495814179,6.95587410152761,7.34182608067155,7.405511611882139,7.561621704365099,7.468427156073671,7.526365761117389,7.56050965979149,7.74666309231629,7.88309478990649,7.67248132451568,7.61349440100359,7.69493097940191,7.69301259933288
113,Iraq,1.1338406116092,1.1665175766375602,1.17690456238076,1.1908937990165902,1.11740982953016,2.30594098828828,3.20236576311945,2.05575677484748,2.12915726446645,2.3603556799089502,2.41065668828868,2.81429121497744,2.78804699508786,2.7984140646858995,2.7353232328465005,2.8376729705024,4.04356203145747,3.50749743682003,3.2904314998011803,3.99663544460423,3.33682317333448,2.28728688137344,2.1218215237784,2.61542228344576,2.6467373200804,2.8719217845785803,3.00140680905135,3.25284940609231,4.08898408464225,4.31022312403302,3.72292205693826,2.61438902253992,3.66195468718245,4.683175550711,5.104059766989151,4.769386513961599,4.72596136288411,5.40075903542696,3.68358435457913,2.83351579490994,3.17351707870965,3.48229428914477,3.1850733369051896,2.8107388160339903,2.86123217753336,3.2772114128971,3.05631087938833,2.77558411768276,3.03109952501149,3.711021204903561,4.042434704323791,4.26456303688442,4.76199256369047,4.902424856051019,4.90643526177491,4.55945050904681,4.707648860036071,4.64119988531345,4.8951953608097805
114,Iceland,6.913193297413059,6.10384909707366,6.5748555198543706,7.0316773766112,6.927178635115331,7.265879991263009,7.65013038809633,7.26938732383736,7.916823830699589,6.2207858621520495,6.798114831880571,7.1525876039554,7.1012542017911695,8.25570255796757,8.09364385318458,7.4188201615752,7.74528284746132,8.59715327841875,8.61233263397111,8.8046337519658,8.1814647274895,7.5960477562783,6.8366202001197305,6.53005987922879,7.57862895649887,6.74446676746546,7.343650793650791,7.53210173310719,7.400368383118439,7.5268259693417505,7.652280379553111,7.408930282353951,7.46963306864018,7.50782064650678,7.85652260535822,7.47753002228304,8.4412976542861,7.92983387920097,7.845369589887871,7.642917142846839,7.93015771412315,7.57979843350832,7.790681093338621,7.702377375043611,7.94319247861843,7.717349545384081,7.66997386283585,7.63883093790722,6.868002041497849,6.624824567738051,6.16272744709015,5.92450488066354,5.79952356602103,6.26999913517253,6.26172163745548,6.227045327448879,6.17101768130718,6.3191613278975,6.237224321772731
115,Israel,3.05985184624554,3.23568695652174,3.46389969472307,3.4512034468264003,3.69663232323232,5.050530628170111,5.1720182578927405,4.9334174863388,4.92683624687834,5.150624608967671,5.57448117014122,5.2943880742913,5.3793538754764905,5.89091580231849,5.75839532129109,5.68676874095514,5.55083951316162,5.50608220315527,5.739004065040651,5.55183412572636,5.45322047447138,5.36238498483316,5.973998759613,5.83146796589525,5.70902260158692,5.8751698558941605,6.19355361712026,6.268060425726709,6.76521049076992,7.02882248782647,7.2532188841201695,6.97514649424126,7.19500292797189,7.69815624406006,8.03111687349509,8.4346257889991,8.56113843991567,8.73372172721042,8.625020934516831,8.64979591836735,9.06344410876133,8.99984469638143,9.29680365296804,9.40101947770453,9.275958290497869,8.80073880607783,9.12003629300934,9.27424409130792,9.125985113835382,8.779523351501549,9.248911275512882,8.990702825207961,9.615068579735787,8.31317079223277,7.876383022749129,7.8925072493168305,7.636321085888129,7.57921797711544,6.97640383662809
116,Italy,2.1784447715823,2.46455580982798,2.87849638704821,3.21510013267775,3.40505343456793,3.641502446157201,4.07944062148937,4.43148255687564,4.6866127743105,5.04331122129256,5.513392311858469,5.762318226546871,6.04932145389196,6.471435783767821,6.521514721923809,6.174325441923389,6.592316217340599,6.36534883105407,6.64648995729563,6.88000191555952,6.89248498105296,6.690421637942589,6.53799211538689,6.388587126874911,6.498251683669599,6.575619372201941,6.47489764984918,6.778406128935781,6.88301251465496,7.215357675101121,7.145018163148871,7.11910727906388,7.08258154154983,6.98429142363747,6.9012409532153205,7.32562417028845,7.248469278581299,7.30387208577226,7.49243358572755,7.607835904069481,7.66216803916005,7.662604586996549,7.77212964817281,8.06445942307569,8.189430910220901,8.173783296052799,8.02576652003813,7.860768047535941,7.56424830065774,6.71897026103485,6.8368363621512005,6.68059415640586,6.327708947625671,5.75173986603037,5.38731095718742,5.56325970991024,5.49816520549801,5.43785754854959,5.37637433931087
119,Japan,2.49722322348095,3.01013310297167,3.08871155446473,3.3912676016684,3.7080206907938895,3.95009635331591,4.24622062498103,4.90475339160384,5.569348595697499,6.39761797708841,7.43521193775809,7.5455610282221794,7.961462467813559,8.42401049610421,8.31387944118662,7.798237539548099,8.05943356240302,8.21284727588872,7.86583035861913,8.24592458365692,8.11228038559333,7.90071903179473,7.597913816677919,7.4081040928026,7.82900820265983,7.57546841613082,7.53473385357501,7.419855426029541,8.068997495472269,8.33312930144878,8.84821587651242,8.91920234906908,8.98107293550331,8.889440754952778,9.29029062614837,9.34702563121653,9.4327154750829,9.31316785263809,8.94976265822785,9.20698723061494,9.32609603998644,9.20667877844104,9.47051669347562,9.51925335504784,9.47934033077387,9.49981608007952,9.309524926869711,9.58086264951055,9.05507445554141,8.60004529586792,9.02693839306629,9.48244975866952,9.81140649852306,9.893679626505552,9.58405355290864,9.29283236721435,9.22394197021634,9.08563914300274,8.7422577098865
126,"Korea, Rep.",0.5018372506344261,0.5613145831665249,0.6517136668272171,0.7741097810055971,0.793961904513465,0.8711219991559559,1.01966409960248,1.1666350878761598,1.20765572631074,1.3480273086715702,1.66819197907051,1.78260872341885,1.8008084426734,2.14333025375457,2.18166435135716,2.31937141314415,2.60280779210904,2.9032426443134702,3.06757214150109,3.54905609374865,3.5376505343450404,3.60873746954284,3.60840908915223,3.7810789332295096,4.05661068878063,4.3703049256987,4.42696724878253,4.62884887663139,5.28082935536031,5.5559980416988495,5.81418634876632,6.32949633986781,6.770829690306491,7.39071726093045,7.9125854529212,8.52261053164559,8.98150170453693,9.36771411498299,7.90014315836303,8.60078465052325,9.6938590023326,9.93283451583575,9.69550969911975,9.70113586037681,10.084746183951,9.96335735008564,10.0527904658571,10.3012022232192,10.4615850531615,10.6553045778627,11.588543852829002,11.9609574036602,11.9315090424667,11.8511425582949,11.5475582343263,11.8888685702251,12.003248167439,12.175364736721,12.224591362122
130,Lebanon,1.43028308498644,1.4395716430165402,1.48371704076518,1.52591613396279,1.60065029386679,1.58606205200409,1.69910189800044,1.64234397617729,1.6736271406013,1.93415595253224,1.7190289522754898,2.26807462555957,2.36899923361252,2.88993421686155,2.850600684649629,2.4971087987713103,2.36001223227927,2.14235582884338,2.19974649642192,2.37634291567715,2.38666158348166,2.4481542027345298,2.3455647952457004,2.79143059382046,2.67304446910907,3.03786700714029,2.9161000919623,2.98670143484322,2.853359541279,2.953572390056181,2.00497175915223,2.40955608036417,2.28208598262819,3.18225184519777,3.3114343799757795,3.76943633322837,3.9106391263875895,4.40900114120147,4.39960427928526,4.54404521952034,4.07778339293437,4.23202311000328,4.026584062713329,3.967297256526221,3.91300608376153,3.67756521346798,3.40983579003983,3.15689208274539,3.91626414425116,4.554307414919429,4.21557242143449,4.07149373839634,4.24008870236672,3.93031238203989,3.98335996892532,4.14071956062144,4.14191780177207,4.29364987074325,4.039707216716081
132,Libya,0.478497199699534,0.797984881941904,0.676265060629411,0.910379624283211,0.3979603338965429,0.5860237107448361,1.4577008564115,9.85026044923834,15.385642212068,17.3946653814915,15.1542206871532,9.71495577929952,6.54470594250365,6.001152728741781,3.68449738755447,4.37799266275912,6.504147460084551,7.01629235224674,7.12941819380471,8.4063135752492,8.35691770861094,8.60618905847728,8.83866306674179,8.414045274245419,7.63992588701774,8.11064332237677,8.52628234960137,7.9242991670716,8.62434891436958,8.62168778232983,8.1344920720821,7.33235113863799,6.51487369315504,6.48562164599357,7.39669498942402,7.575579999660519,7.823400824395831,7.60842890437061,7.67784013697729,7.2139063492421505,7.44135801144218,7.61126305263639,7.88270391931293,7.87823956573606,7.96649762887679,8.47271288057579,8.38645433892419,7.74755782048093,8.49516566150718,8.77243463346107,9.23411987123542,6.09049661637298,8.32040594671981,8.70046753739904,9.38378403527548,8.38849448803931,7.88335469242902,8.632790044498151,8.82524913660345
142,Late-demographic dividend,2.68563730733903,2.52081986280551,2.49147944964104,2.5721891637183,2.65510610899847,2.76393808967615,2.8650437053292994,2.82234288374614,2.8865556348264803,3.04937192891642,3.30140041575622,3.49506858322537,3.5921578626420803,3.68769683515685,3.727275952385,3.92931848323696,4.0436145119621,4.17021004431734,4.3380059556512895,4.34699949096603,4.38266847504818,4.21274988167763,4.28418413239975,4.32547232326446,4.4067640271413,4.66361122323477,4.692929145723411,4.739121661285821,4.84796951406254,4.76889628908675,3.40798684851971,3.41764880521694,3.32693004637105,3.2963622556456698,3.20689256219487,3.33227591184012,3.3033875639172705,3.2554547922181203,3.2562181618596298,3.19982887044543,3.3005428820871496,3.3947828637088,3.529553262598049,3.84389002582482,4.2177197180727,4.55854217114979,4.88655712801129,5.15222512069257,5.2890643489333895,5.389114215766339,5.8184740536885,6.22327308137952,6.3401902554667,6.50076112944654,6.42871570305199,6.36530359380355,6.31702092043805,6.39107791324244,6.51825412431905
144,Luxembourg,36.685183297767296,36.5837775568496,36.0126266562744,35.323585313174895,37.5482898550725,36.813803921568606,34.8035250602734,33.9120464484545,36.5335179395563,39.09293629629629,40.532896385599,38.5525420461946,38.93410271206,40.4316963903553,40.5895226024504,32.9973812508706,32.8243012105974,30.2405370851067,32.728861596599,33.4102288511145,30.2805684470685,25.8138325689643,24.2376636344983,22.6766633298871,24.396704353575696,24.9995909529705,24.4596082583377,23.381761294673,23.9098808408087,25.6135719968178,29.6451486185675,30.439276485788103,29.2216484987569,29.3603371281213,26.903269839300105,21.2419700214133,21.1479268513489,19.7162951484086,17.871438662585398,18.467971426912104,19.6653678661471,20.7009795594813,22.0541267439906,22.7177114009255,25.4968947489058,25.668697517832605,24.8393587467761,23.208671793130303,22.5928578737338,21.0131724064502,21.8166181085821,21.0862607481089,20.1338742546323,18.6800647820966,17.3461629029388,16.028679573879398,15.223001508554802,15.092162807544698,15.3302080763221
153,Middle East & North Africa,0.9407398528312272,0.9736696070531108,1.0348840302758,1.16997934733669,1.32309457493769,1.53424669250157,1.7066693060593998,1.77140405885383,1.99439295431555,2.25186032755376,2.3302198721441605,2.55186657699197,2.6704622917228,3.0669247071754504,3.0280707319404,2.90612140595303,3.33467749662779,3.41023117766572,3.48994026467399,3.5608511659196203,3.4996551050736,3.28656045794398,3.20818250435468,3.31371400376424,3.43302724199998,3.5149257055563803,3.63548982892369,3.57411543548123,3.70438040619164,3.71999409613324,3.3341428050725,3.50282787860695,3.59801688089692,3.7019775744668,3.87313033524791,3.8999900967110497,3.9492700530172207,3.9920474594171695,3.9406049883939,4.00976390187429,4.07884205379951,4.20399368661261,4.30518457906183,4.37380375609323,4.54194437704516,4.811704835683741,4.99444647777651,5.14010686783671,5.332964756280321,5.44082592338133,5.54407212176223,5.5363989888150895,5.74152870772102,5.73594382705647,5.847665955358111,5.81840465144704,5.754217998927491,5.73090672707515,5.638657141208559
154,Mexico,1.6709900526214498,1.6759616300846898,1.58748506480282,1.6005282427998,1.73665844327465,1.7053547646088898,1.7779249031837698,1.91884866427033,1.9406370432456697,2.0479873592855,2.21528721113017,2.38032782802048,2.42200602728721,2.56182069518473,2.67407766016182,2.7592341672159906,3.0067247432974704,3.0674059519858097,3.45220064937876,3.64277061482815,3.96175207032054,4.09940366348521,4.2899451368693295,3.82953241226096,3.73389480998998,3.79689377505002,3.79590858683228,3.8807654628535,3.80086758393575,4.39337860768617,3.1890636440966804,3.34570495740038,3.32770080313168,3.39439781624779,3.6157168483088,3.343977725434029,3.5007014983674503,3.69121952489926,3.88438810887942,3.69770379538977,3.88756928789929,3.81622185820532,3.82299161357153,3.94835053048563,3.96297432479841,4.07895088239964,4.18100922223476,4.235667944114899,4.30816070189315,4.10585136636662,4.11015715509391,4.1571204846157,4.09902758114925,3.95414657649222,3.80806346471111,3.87819450978334,3.88580937201112,3.78121582762561,3.74147772536983
159,Malta,1.04434542949012,0.9019523443505,1.01892559431923,1.27330336381956,1.5524108949416298,1.48382371392723,1.3146288071066,1.67136575188573,2.0722897044495,2.14500821557673,2.19305137948125,2.18057482656095,2.7764688378244307,2.66955658504302,2.46493662167711,2.19377296842437,2.49444360867831,2.61612861191647,3.01463334429464,2.8906083448755697,3.23104107123119,3.5867353016784604,4.028211280830201,3.01770521959071,4.12629426515383,3.5639823808448194,4.3409641618024,5.38630709609998,5.796251349600519,6.18970010435616,6.55052658327922,6.074015033874309,5.90286656257311,7.56784125308369,6.69695862026644,6.30598883469036,6.10678985535858,6.45260729745475,6.151258672106769,6.2181031947117695,5.46032039006683,6.335426483609309,5.8590445211620095,6.54821341656171,6.479460111446709,6.4878142999351205,6.538237587217621,6.662995053156441,6.6442098886362,6.08518778016714,6.22424657666438,6.17390719440361,6.45195082232613,5.56381128115558,5.40779366620796,3.7074236102217,2.96471332320207,3.2478701877568104,3.1983162412562205
163,Mongolia,1.35471693769008,1.41874053764021,1.95074985637682,1.53731675471778,1.90428266441325,1.76871182102047,1.71454048468282,1.83477215036661,2.0566239528657,2.1608564714747,2.2280393081429,2.30537522721371,2.4191275274144903,2.4904963483276696,2.60795761463438,2.74842969196686,2.89575886927728,3.18296614981241,3.605475993042,3.82672919109027,4.07149764858649,3.83311210141479,3.8037043933067296,3.8375286718948,3.4473255948808394,4.69754184554883,4.89474389937221,5.20649361571121,5.54864528984658,4.93613700108127,5.93826674950633,6.6548898561624,5.73212777385285,5.23595835270122,4.5253730034313,4.473422085215209,3.7512340437655496,3.64766001753617,3.62954526255196,3.62338967472818,3.75404028585765,3.70723352760835,3.92917498376146,3.77111632739447,3.82952370499208,4.37772049006721,4.8537353049451,5.01962550201074,4.92800065656015,5.1013653258254,5.26121897038937,5.67796857950076,6.06790531235552,6.3779958449335,6.16303262019699,5.76968036304296,5.94498419360559,6.25283416854327,6.72509805331754
169,Malaysia,0.437449900948244,0.475265154723532,0.468692941840612,0.553699657146016,0.6942623846328659,0.6809304052943361,0.785832561378693,0.8439013644895479,0.826482914178437,0.9030722614898772,1.35151952526307,1.50758106217854,1.5818488897790102,1.51075121986902,1.60474276103432,1.5988981095426202,1.91633410026781,1.76780052216079,1.77078981344958,2.02665245669866,2.02908785807663,2.18088801094661,2.1125924119018302,2.56229726784364,2.28386445765289,2.32306369336757,2.49224794025531,2.46715664758343,2.50987177536515,2.84570209266824,3.1165029675275804,3.4195573301232405,3.62422944998227,3.65359823999106,3.85433458467392,4.09418299963236,4.55379841075243,4.75355925647841,4.65935540368336,4.9344051109528495,5.2448339355802505,5.34688873878253,5.631518426813249,5.82254513282233,6.251129635534969,6.47746268433045,6.590348185482661,7.048555882484701,7.38471059795375,6.526762285308571,7.05862884140643,7.03885614730842,6.993211720207269,7.459383568242379,7.757158613871289,7.682279041979669,7.45128215891124,7.165808461788111,7.6002204133699
170,North America,15.5299950149423,15.2259118331469,15.5725722688154,15.9970674735978,16.5433845209133,17.0269845251688,17.6429242903348,18.1541906180773,18.6738227706518,19.367239293384102,20.6330456334948,20.5111988589664,21.311083962022103,21.9817567654796,21.0815940536383,20.0916831441175,20.7600042081357,21.1147368030195,21.5274573930736,21.442606228353103,20.5260606524268,19.5313446720034,18.3903609056688,18.333794756345,18.748977141819,18.6355970094442,18.4097632826568,19.0546584748511,19.7191152455844,19.7724024609542,18.9866157373537,18.5830451178423,18.629955993679896,18.794851212547897,18.87301504443,18.8702718432488,19.2224571790494,19.9228537422795,19.8650058107729,19.7351404760488,20.1148175290478,19.8033382822866,19.1891794141214,19.289542723553897,19.3343704425672,19.2443616540064,18.7312210358998,18.8946346286001,18.1270449936342,16.6912470968449,17.2699742549595,16.5390145067508,15.7740390145107,16.0824634186624,16.0130939953744,15.550833640324,15.1469245227553,14.8682233158805,15.2708756112257
176,Netherlands,6.3991796202037,6.52035766500623,7.0608537968432,7.62392488830405,7.987673248058899,8.17405389560342,8.32153181563217,8.47605463668979,8.920252219196321,9.00064816045741,10.8858088713402,10.6768101125795,11.838809767842696,12.3254524298175,11.845349181280598,11.196874875378098,12.3190529399623,11.8559280927615,12.232977542193598,13.3786242179414,12.544945440925,11.5781511717945,9.384833319243269,9.623180022092187,10.056391923274,10.209256072746,9.95697831183292,10.4036015729111,9.95350625815798,10.984029060186,9.922074760341928,10.2503032887368,10.0934091473974,10.3509608140236,10.2334822742071,10.6306964367567,11.1986106305155,10.6645142899239,10.626967528094902,10.222558842323698,10.1911944689003,10.4323895157601,10.3722048688182,10.5058136976433,10.5737831228393,10.2923626588156,10.0152323786571,10.0496310027973,10.0567975870496,9.71181075725506,10.3012904779748,9.51712069328873,9.401394046730749,9.34991435592706,8.88763290239767,9.33357253158707,9.2934281775427,9.10088763862349,8.772823733851201
177,Norway,3.65856369820612,3.6986943875006895,3.86862605862512,4.08651596861016,4.38232793471308,4.40748980438164,5.212731800484519,5.10729497040459,5.53919364567301,5.77539298080649,7.22753506857875,6.96845176284429,7.48223876711033,7.70691701181534,6.94982633495749,7.404803168606991,7.28180779066463,7.6846192562583395,8.572386379679461,8.40817754720238,9.313753848865051,9.83721890030056,9.97671689931946,9.08304702608642,9.77223274129435,9.804827001268633,11.296603552278,9.72254374054343,10.0920100021665,11.6822755016027,6.88440077303333,6.39646040623859,7.10386172455634,7.4281231106465695,7.76412375279971,7.593164225231139,7.77160208666945,8.12910867875992,8.46898451617795,8.82356962137092,7.588566115048269,7.705343072757,7.595591075588139,8.131693120592,8.15782539291929,7.86669063227904,8.01600282534061,8.06939167192062,7.774402648204401,7.75566888657588,8.561636831155361,8.108073185859,7.79305192930341,7.522211786189639,7.45148360050704,7.44708550869241,7.249949804365981,6.992651840981411,7.0313611886935
180,New Zealand,4.8670697360654405,4.863166094970451,4.5165265914585,4.83033612449641,5.069180010830049,5.212262973672201,5.23759258567211,5.00761352373261,4.90783668716568,5.147130698211191,5.05032803216281,5.278783385909571,5.57771927407969,6.146958430419071,6.20322948705229,5.923148778826509,6.18456261051278,6.50615729760913,5.7697798923491,5.2993988420714,5.6084638118796,5.2888633236263605,5.7791761984728005,5.615176132278941,5.9792860462954405,6.71490930368637,7.05205341465669,7.363341375519179,7.73516537735274,7.70034432589719,6.700102108234731,6.46905667935109,6.906022595350679,6.693354235485129,6.70718232044199,6.63690314150378,6.832797427652731,7.35725808584349,7.16644823066841,7.4861150947824,7.64704357518729,8.17420435510888,7.99797391414461,8.30353595550258,8.04159021406728,8.287573477829651,8.19911102614348,7.905203844879019,8.068453918024321,7.2793194812439,7.15517043234422,6.92290145985401,7.26163199564438,7.1475203169672,7.038636112033651,6.98355534342865,6.61419995333149,6.838956290510219,6.5726645716851
181,OECD members,7.18329387750934,7.232770980221419,7.45036696131122,7.757249545648349,8.03676608350677,8.2717507531514,8.53954079669747,8.80469803449494,9.1674297104641,9.61568598347183,10.3169522296747,10.3751532188632,10.755428325722802,11.171149009340198,10.8128587133312,10.3772605138155,10.8106477115524,10.928533653169902,11.1154591273374,11.302585194193098,10.9487149324727,10.446848063815802,10.0156034489439,9.87458998733572,10.0467570216588,10.074115561837,9.99487790656248,10.2306888747238,10.4791643796637,10.7014281918974,10.2376726086408,10.1819923649281,10.1162269363058,10.1146651075693,10.2020082388535,10.2553781344854,10.5015692716603,10.6455407558159,10.5701603794901,10.5356070385232,10.7278725387421,10.6631586048396,10.4986904849829,10.6055826362529,10.6326992529703,10.5880111027767,10.4565897652709,10.5128297356553,10.1810661501372,9.50990831522108,9.81994028951272,9.58612328583421,9.3834071704838,9.36849259807753,9.134525410513891,9.02832676350448,8.91541554958606,8.832749760690811,8.835263957669369
183,Other small states,0.8130026502919849,0.995630008600509,0.997926064883228,2.08797659093605,2.21807046523877,2.17565078217092,2.13023417732585,2.3930532990006403,2.73513988483927,2.5928782805626,4.27746904455563,4.5787624348304,5.320152836349781,6.30809886776878,5.50519418544516,5.32978022952997,5.317906813373019,5.515477063332209,6.23773756419439,6.371012980658651,5.9474069089656405,5.094350649183281,5.180259945161509,4.59866446365641,4.81871338885334,4.93950815950871,4.928167935051981,4.81652894366583,5.139839874697469,5.54270797852748,4.93321317176538,4.72407742491261,4.41061454950082,4.2562625852445,4.24472362562232,4.16587021142563,4.293308638991831,4.37364176138683,4.41552564376177,4.44273835883402,4.35974126712983,4.464927414811259,4.66013486230304,4.9129172882005,5.07276832844791,5.602476774743661,5.808591854385741,6.04700285425645,6.18925286107579,5.94581141880489,6.19994946493923,6.235335944463639,6.42241380086173,6.49713869121628,6.59415226298825,6.424559707000999,6.36173981543532,6.37157186256814,6.40668231484398
188,Palau,1.5014842870304,5.11029265379255,4.97027785845677,5.20584894946053,5.43661971830986,5.99781917310314,5.90499194847021,6.473651690352191,6.719633507853401,11.3636911422915,11.4952978056426,13.6930545182972,13.9644304002593,13.9418613861386,15.1564376510957,15.0683051635913,8.856797818465141,14.4986557014076,8.86533967281812,10.193606409942,12.9480210215142,12.8394267567788,12.595335090662198,12.2785391683538,11.954586808188,11.921678735037698,11.6623057462956,11.426102967212,12.7326388888889,15.462051142546198,0.0,0.0,12.611135632763698,12.2812404052809,11.9510008963251,11.6563702063178,11.3642820614808,11.101243339254,10.8642511814873,10.6535982528099,10.992462311557802,11.3460546673543,11.200488748599902,11.1043811831213,11.5804843663461,13.1419328750505,12.7909951394218,12.5267498303669,11.2251443232842,10.9349371241115,11.6965578701125,12.395762902862302,11.9081372271052,12.4978696813043,12.4822695035461,12.4540050948203,14.6743424765775,15.1608737155371,16.191167439003998
190,Poland,6.74036258180107,6.92280256307569,7.153605160268571,7.52862132065642,7.80729158671717,7.86205117196879,7.975704744168429,8.10583401368455,8.548589913717919,9.02207980140284,9.32031832918507,9.55499385361539,9.981742697541868,10.0766317616587,10.2995112162069,11.0409312025486,11.6146268952128,12.0794435996374,12.3566288294781,12.553886339452,13.0593674620476,11.422797086693098,11.6534761434716,11.5482229098436,11.7573307098874,11.9859481851524,12.104018171236598,12.354060344783,11.790691913415802,11.1636139840416,9.18952542091632,9.19385623557356,8.95039569601102,8.94455033991475,8.814909778393039,8.80943172998739,9.1993733490022,8.916766667546359,8.23541987851534,7.992184017540901,7.72923671676787,7.67620311149769,7.51444584728516,7.7922615016999295,7.90472592192251,7.89588592508223,8.23491259480184,8.22049833475689,8.08692097119955,7.79154679293554,8.2470283334079,8.15983814311204,7.96964750486849,7.84249376633075,7.51715226889801,7.60929987280715,7.894108854688691,8.237562431490801,8.235472254590219
193,"Korea, Dem. People's Rep.",2.08480138064943,2.26798648538368,2.58783988107542,2.7237778095304703,2.9031670232332902,3.52802863736304,3.70378502142294,3.966317174332661,4.35918424837781,4.57827351643668,5.104142281774309,7.262926720505019,5.8916926977764295,6.24808038399439,6.376530968349759,6.6200840603445705,6.656078946312911,6.77922323179354,6.373508872598849,6.41524604674446,6.54983933282601,6.474401859002549,6.516009490593589,6.867779759027821,7.27378117929384,7.67580141277113,8.22188768463361,9.07899905475466,10.2448472512821,10.7351931905544,6.0794191826298,5.69407250206474,5.000619226631071,4.54767064839034,4.1134528863894095,3.81570100126702,3.34683523513406,3.0230223839316297,2.70402738566521,2.9289790761442203,3.13226724598346,3.2157548905713904,3.05062847873941,3.08973999884634,3.1315389626313697,3.24587759113296,3.28166450812904,2.71370532814791,2.9958688437168,2.26622029986483,2.10274701370818,1.5012123181117498,1.55237941862625,1.11594697045669,1.2539013312146,1.00461280078425,1.18896784827838,0.8800692855976621,0.709208588187231
194,Portugal,0.928578089430729,1.01805031874782,1.03437786476184,1.1102086241349298,1.2199841400983795,1.28894799688174,1.3270358605261,1.39828723130941,1.47233578335682,1.66858726116032,1.7577914045973102,1.89803576130562,2.12615918326202,2.31706860803188,2.36623478687489,2.34856528915804,2.39676789075452,2.4036428917026003,2.3793826275730403,2.5908555453142004,2.76311600530477,2.76382849396865,2.9515740426206403,3.03071090037875,2.9075597685207795,2.73425939329461,3.04208613524489,3.1441777198894,3.28615514975134,4.11891514242879,4.11390395361496,4.29407539079148,4.69932461149939,4.59523265936922,4.73401207523376,5.05576602684812,4.84303123675656,5.038096337542361,5.47233537620731,6.088378078002489,5.99228486035527,5.92315416740891,6.29676809092376,5.78650308672459,5.92625178834401,6.233261260952481,5.74494824699723,5.57717924484993,5.38350512593225,5.32727897067508,4.81788690166555,4.72362932344216,4.58589780314382,4.45239423770679,4.415895223007031,4.81266984331839,4.722311430046839,5.177519101385401,4.840612760508691
198,Post-demographic dividend,7.8605247993382195,7.91959227369674,8.17720779123174,8.529163346421539,8.85456802095988,9.14093564766342,9.45309732487871,9.776844480728778,10.2000439023433,10.7275387103543,11.5496751471607,11.6053962032207,12.0585181940004,12.5527982812234,12.1360050070342,11.6134127897688,12.105291042295,12.240605421994,12.4667723266654,12.6866105002562,12.227198365809,11.7071477590256,11.1912697898352,11.0871488493283,11.3127386576158,11.3434520982945,11.2551580357126,11.5279193399634,11.8906476013148,12.1406211966049,11.7868833709099,11.664653234203,11.5183082386937,11.4417653650866,11.4438853827018,11.5171330974571,11.7269837610002,11.8861278694791,11.809072828571,11.8205976608738,12.0390326369357,12.022592199208,11.851666279804402,11.9965989671278,12.0196270387624,11.9551799124527,11.783154493812,11.8405321780473,11.449346614945,10.6526428078906,11.030862954412902,10.7636062356415,10.523637625766,10.5369201419875,10.2616469900283,10.0830748340342,9.939321069529733,9.80816596204662,9.85358731175486
200,Qatar,3.71475001582846,3.1374180877749,3.3889738030071404,99.4565544952285,92.8663597880465,85.4609064117016,78.6212147777082,77.5059445178336,75.9712572152007,71.1008326724822,69.10718492343929,76.6485391037827,82.6378069805755,87.6896350426569,68.268109149612,66.6832771401098,59.781160054341605,54.44615755900371,54.8673540091796,69.98992065194079,58.5743978678305,51.8588658945738,44.562881228154296,36.4330017232516,36.13575388546379,33.4481781463846,33.4303198831394,27.2405615012531,26.8901154389769,31.031711892013696,26.3293265445383,29.9782088584479,29.6324406594227,30.888631428235303,32.0485007218308,33.1485041299297,34.2754783926695,36.333408054995104,37.7289390571573,40.228857500447,36.67714826311,38.1943145917241,43.0663221360896,42.4030238005488,42.35848205041071,47.6999341352654,43.9814452666656,41.897802191489,38.443066257386896,34.5449755399578,33.5447003198248,32.305726026616696,33.3731315554366,31.9270180892664,32.6935322921826,32.4705695270077,32.1280420015378,32.179370630525604,32.4156391708326
201,Romania,2.90381202054338,3.00589159402325,3.42028586650104,3.6988265679319694,3.81176286896128,4.13644965608734,4.38102251053189,4.71631855487405,5.06013278598186,5.57990715343552,5.93136910198012,6.14955042299546,6.41025170107577,6.95730449127149,7.177785045899251,7.620014724623849,8.10915557493228,8.199979904482861,8.83328902345648,8.87596915016092,8.85372671901046,8.86471876122609,8.71044901255981,8.89001101838356,8.35987774500324,8.54896734038479,8.851795307415768,9.24490438324612,9.22806809294021,9.24560962440275,7.44035978188794,6.190123930733041,5.527262887485301,5.167972278160269,5.063305395625231,5.32219022256392,5.47990530440686,5.028824626857401,4.41589198618904,3.80472800867211,3.9602599851864495,4.2522197526926,4.30685061215354,4.61752547912737,4.50918964738911,4.49396883678159,4.6683552139875095,4.61811440530859,4.63582527403638,3.95335958726769,3.8277519523881,4.16676427996526,4.07467630802319,3.6034380632248495,3.58682381452108,3.6789166685507,3.61075200127985,3.7827902442809513,3.84513275926788
202,Russian Federation,12.0823485908738,12.3225125622752,12.7900949335596,13.5650601161665,14.2670567234433,14.9674762475837,15.7168239087457,16.3409421744828,16.7046628583395,17.2980849349087,18.0910282506672,19.0914943692577,19.9755577936305,20.70379426995,21.3733729989808,22.342112883755604,23.0414269647125,23.660152196914,24.3025301473807,24.333091605265604,25.113423516293803,24.475045490599605,24.781616362384,24.9869444193466,25.0216073277523,26.7763290814553,26.6574859690532,26.367601851851894,26.8992654282738,26.1480501418214,14.630524267763,14.4306163523247,13.501106385450498,12.2713526058483,10.8678168048075,10.5468690791173,10.356227484116198,9.64781473913314,9.605894690719593,9.891330473511712,10.160517139012,10.2107543597331,10.266024099390402,10.5233635899653,10.6486331708991,10.6665457812381,11.1156521145174,11.1446288961332,11.3010597008039,10.4714525017549,11.0827154078026,11.624016825634598,11.639943908216,11.3166609056235,11.1727417641705,10.808909312187,10.6060314351022,10.7766445857301,11.1266183699469
205,Saudi Arabia,0.655056338696803,0.8465947608496339,1.4339229868607,1.5377474792651,1.50684539640785,0.871395060566121,1.27878994758694,4.909921688106,5.40199342146047,6.30406833396757,7.76012783934173,9.803702272764902,11.0033408556551,14.1742779489988,14.0036192337068,11.2320775320555,13.0143749884659,14.398245670678598,13.3150066874103,15.116762793491,17.4797405883998,17.0185721734899,14.3865545178472,13.763708759118302,12.538654025224302,13.1605600519186,14.8525791372542,13.2016095072964,13.440808019491902,13.004899884075902,10.249611520073,11.1258208654006,11.5346653870816,11.608768349704402,12.011875170709,11.9321050347152,12.2986198845919,11.0747911412801,11.646691318097,11.6135403194063,11.824520515064002,11.7249516876337,12.2405897055774,12.3843076292118,12.718367421751198,12.9731159600566,13.4029637061132,13.7993119522419,14.7648370214846,15.0065885468896,16.017742011478,16.155250017590802,16.763902445783902,16.6171647878491,17.3631624405825,17.691712343615603,17.160324198637,16.3347636246112,15.2687805332958
208,Singapore,0.846367832847425,1.22994419642857,1.47291795223403,1.89376545961003,2.01111533449175,1.34094546610843,0.3488047973531839,1.54645934466019,2.69375049701789,3.52786046511628,8.778144397680991,7.85327038667235,10.332816855603,9.67666621067032,9.85245178939815,10.8473574648634,13.0974565037283,12.1744463080033,14.090902447314802,15.155702538283998,13.0216405096222,10.6006802653943,11.24154665127,13.053730593970098,12.2254762700382,12.2141433509372,12.8146374461151,11.7485077243711,12.6858439665677,14.2918989757757,9.75343372062648,9.98059700492778,9.96069580010264,11.278203430783,11.4768789440803,11.0313331854166,10.8589523971423,10.4055860347025,9.67352674784892,9.71778020336356,10.5712995424152,10.2150501255192,9.90672781043834,9.28836359058682,9.508806085635891,8.650271627906099,8.44510737009996,8.34459494063439,7.93900726454293,7.78534970816467,8.35379925511136,8.63670807347973,8.22409752812127,8.134595702073769,8.12838088356926,8.22041256714993,8.232150936558758,8.45115143597411,8.39913483236136
218,Small states,1.09108986156861,1.48609776653916,1.78274837790727,1.74951479598976,2.29208456868097,2.3645727463829305,2.3043149841177,2.64487298518037,2.80720578253381,2.7929597654607403,4.2186727176208105,4.71802540269497,5.126307431883441,6.05723842622533,5.49447251864489,5.53153675632115,5.7204572292821005,6.118066404977079,6.33673916838141,6.411321925763191,6.23120060644146,5.2816636900961695,5.20050638390093,4.625691437872481,4.72216079860145,4.96898319945268,4.66417041688036,4.656952794618321,4.69300317122549,5.08084425944849,4.61928934823957,4.43808056605141,4.242403985364089,4.12335452222845,4.1399452613685295,4.10355709835483,4.19838976617958,4.27600603564841,4.35460018978069,4.37715610939443,4.29019309085561,4.41402923313681,4.55719334562854,4.72954781535807,4.87224915381799,5.36180602593173,5.62654048913666,5.789829541754759,5.7847670098365,5.856646163274631,5.78126792180679,5.842324523087549,6.020900888443889,6.0347800932123805,6.07525798460037,5.928435212286169,5.81685688432081,5.80046345004942,5.859845144176281
220,Suriname,1.50312988501754,1.4498822288983602,1.62900550849967,1.704515219029,1.8892205565980904,2.41910810211012,3.24239771702326,3.83920523020194,4.072718909777279,4.18568159439344,4.37537167800047,4.64793218319205,4.74438377089862,5.778253089143259,4.4308379301287095,5.62451494012259,5.583239511774019,5.311089923360611,6.686766098022081,6.39736808369516,6.599010933688611,5.64084921586921,5.19173406256667,3.7957309499229903,4.26299482893821,4.33710218209833,4.70463712102381,4.61944241049988,4.828015027888,4.67284339254864,4.294504268589161,4.890934580118111,4.82577295570273,4.76604334295887,4.68858811442913,4.6622051324994205,4.6407128848947,4.62387017934011,4.56682570818419,4.555417078516481,3.14262417612285,3.1894312320856804,2.32255281733952,2.52081207038599,2.8155890455355697,3.383647572082709,3.02795215439785,2.7583184821032103,2.8233182885276604,2.77186764618734,3.28844169441683,3.6436543423951298,4.508108128082,4.1842150942362,4.77156149349875,4.91830252389401,4.0893423947968,3.73356050208501,3.61119261372218
223,Sweden,6.576406584350701,6.49624827027879,6.78785977231238,7.28160331853124,7.88792163891657,8.09799371671533,9.29736416046677,8.77002340259466,9.81834107594619,10.8517920018795,11.4859318289735,10.4454022271741,10.4380581854893,10.7378226154553,9.79040472649665,9.865727011388673,10.7401632587336,10.3985599051813,9.61061102646467,10.2400551359722,8.63476990820442,8.344564986035099,7.482205547140071,6.999367873797589,6.87732536206285,7.471990516366549,7.41213542116571,7.11103700443592,6.80894089946659,6.538712279953151,6.23332497939264,6.294260143024991,6.54701907587932,6.48157419555819,6.66116599445719,6.596850844896519,7.19941345988315,6.48650212942211,6.59362461125747,6.46543403078436,6.00533649890911,5.90155531274871,6.052689547670701,6.16193223013165,5.95872744531597,5.56061793405047,5.3851630498524,5.152987092827661,5.00562006942356,4.611489038841151,5.132155400769831,4.71891151146662,4.427812164959589,4.22379158156152,4.03254501031857,4.00033227249692,3.90906658564348,3.8110112274200296,3.53800912688421
231,Europe & Central Asia (IDA & IBRD countries),8.54641149166468,8.70849979706575,9.059562700743632,9.57282742467068,10.0493702923376,10.4762905307025,10.9157752663619,11.297396962890902,11.5707258310733,12.001241417695,12.4567273563749,13.045526272936302,13.5977672533368,14.0331422894747,14.402492498517,15.0407731961398,15.5258712686913,15.9281823083265,16.326065179410698,16.3103304706656,16.7319971013434,16.1391948659071,16.3281293796627,16.3923346384276,16.3545086566674,17.337807031715,17.3089160813297,17.2137842016983,17.3330211684595,16.8585694924127,10.2876674166823,9.94334265419624,9.17854349736758,8.38727806164807,7.50286289563045,7.299353288845099,7.12926887086145,6.76931694237233,6.65339049738345,6.59672282834595,6.710703974304559,6.69452234523888,6.7561827389718605,6.99845125794016,7.045202213297469,7.04312518511689,7.360783114296889,7.45659864215332,7.56232618361552,6.93866961470388,7.28880752529575,7.61644830335256,7.538256439274019,7.35122002975918,7.08713116456562,6.88333921916549,6.93523669803192,7.053041294260911,7.14175117866091
242,Trinidad and Tobago,3.044398819302029,5.32147375042495,8.23102306478243,1.46770775874827,4.20480933283109,5.699133088088519,4.41212204286687,5.01360738322131,4.34150057155627,4.16711659610066,9.518962677591642,8.47925143839465,8.5147293355479,9.57073683867512,10.0867624907299,9.51813669339442,15.5357710046981,15.5648396378018,14.5488249364061,15.6508500492213,15.614641440414902,15.6631899040185,16.452109294574498,14.3255403221767,15.1812415211721,17.7350174656668,14.6911538286031,14.667607062849696,13.1770203047793,13.3091705706686,11.554956470325198,10.5767760034106,9.64675725831558,10.0272996650866,10.419942906395802,10.4927443788869,10.5761454641457,10.9299767112915,11.1754071295927,11.242737911287598,11.3324373657923,12.1340613245865,12.5429647434643,11.9355170447286,12.3787414300276,15.171650994950198,17.0588199165945,16.8672857197447,16.0827844975347,15.284789930662,17.0312857641942,17.3554461225284,16.4483712989306,16.7909179823123,16.0899982897036,15.5144884597309,13.2335145470661,13.142493822522098,12.7784401237264
249,Upper middle income,2.5732905493115,2.40843190694662,2.3701156634091403,2.43556304462173,2.523331068676029,2.63016990506063,2.7412153865561604,2.72141280550432,2.78900997784378,2.9326500926657,3.1490470697187103,3.3199847040258503,3.41881306434331,3.51192590820952,3.55991694921146,3.7520379745982098,3.87033552679576,3.9927700600225497,4.16393059548196,4.1959739269936005,4.22421765237848,4.12631840626095,4.22527597232732,4.25135754638195,4.31228357537283,4.54407046000092,4.5802171718037,4.62450910702087,4.7332691551632,4.69050093789009,3.3697524744805896,3.35620171642236,3.2895051981326904,3.27576889264569,3.20514164054224,3.32161287326658,3.3108138369979705,3.29226074593273,3.2973085011436005,3.20965952005939,3.33037702370152,3.40917872164365,3.53202117082133,3.832840639376201,4.186121544813069,4.502614057716309,4.80748539750568,5.06730898180024,5.196509669884519,5.27842716023563,5.67965061976719,6.05641130165718,6.173022899725491,6.310043581525849,6.24646053799776,6.1508670892112605,6.094382506920179,6.1613875739279695,6.26183680415772
251,United States,15.9997791565885,15.6812555160569,16.0139374979897,16.4827621458239,16.9681185789701,17.4517252487095,18.1210730107855,18.5983178821611,19.0893891562783,19.85794566231,21.111252272594303,20.9802034758573,21.7486419846019,22.510582127233896,21.502930377734295,20.4022240696754,21.1576153736785,21.5324840060117,21.9730046948357,21.780436977627694,20.7864877412257,19.7667641742132,18.5904952301609,18.5715437097933,18.9767502682074,18.8823127427246,18.7207227161615,19.3503344229412,20.0104134086438,20.075769778663695,19.4092291175092,19.005735608603,19.0250824516401,19.2381087954324,19.2806108100302,19.2539376140725,19.6110900762452,20.3478729686016,20.266880306249,20.105719610091697,20.471933095298105,20.1750046772639,19.4494784745785,19.5087047137039,19.603572883438694,19.478026004217803,18.9576435024889,19.0560269540732,18.2948056259689,16.8188684811099,17.4341958733314,16.599403740534,15.7711446187591,16.1029578354008,16.0263790723251,15.535342110601,15.1317468158119,14.8058824221278,15.2408745833286
254,"Venezuela, RB",7.00941408937219,6.153191256912191,6.188716289326741,6.20859314727474,6.04154144565204,6.27178050244313,5.69006340874696,6.35298855444359,6.132863919383169,6.24517317484316,6.54251668685434,5.326318973549361,5.1726671756341,5.339858591524821,5.86201393872522,4.83845087206038,4.22514432063754,4.563931495117901,4.78186942096912,5.183753800451821,5.9806725007073895,5.89620972801557,5.83146032762772,5.66202872105599,5.523520026393781,5.847674412092299,6.163044283142019,6.086951144406049,6.20878931057258,5.67944291683489,5.25247081840392,5.09496418099359,5.09541585744004,5.24054451417669,5.1377088035313205,5.33215704264909,5.83543475396068,5.951989213645151,5.69034582505656,5.36987725483349,5.55503909504986,5.57037151485095,5.79990595371621,5.40474452817559,5.490719284226231,5.96123438448467,5.58245584109461,5.607099135076151,5.9158714519381,5.848166013283151,6.02673521626732,5.891053315001769,6.264469321657731,6.301994899709031,6.26935290325628,5.78023402634421,5.428918568867919,5.058756948393469,4.782754886893
259,World,3.1211581071094705,3.0680904177952004,3.1148394525345,3.22119532617533,3.32404568984411,3.4323945161885,3.53419104455921,3.5859952506854302,3.70454301813229,3.875169072843221,4.1478514851552095,4.231788290295509,4.34729529223644,4.49325311257151,4.40358172219123,4.34262881846809,4.493090892013821,4.5589829182199,4.653016254027889,4.69608639117884,4.60108151383721,4.40663828405636,4.31495959051795,4.28613532052671,4.33907719216679,4.42831174426862,4.41225211266533,4.46192292369504,4.565402665042599,4.56647413655811,3.9029644220895294,3.874590703667121,3.8040110141891,3.76932763065973,3.73238477723104,3.7819824388096297,3.80669402508563,3.81351522660908,3.78061093527244,3.7477660661590697,3.8126493115353,3.82765888146696,3.83475135105644,3.95850274353281,4.0922516616783495,4.19630121305972,4.28100643229647,4.39186677996519,4.37691721578986,4.27713136952081,4.48314795598468,4.570123102894691,4.57876814606997,4.61022927939351,4.560774243390361,4.4887700911603705,4.43675907864533,4.44130858245966,4.48352391238305
263,South Africa,5.7272227055277005,5.83262093203853,5.887167587317481,5.961337136735031,6.3323432631240095,6.61654531237248,6.45385807777342,6.56082402278096,6.59361965131846,6.665435015462119,6.785927482839321,7.4372976887762,7.37604899199653,7.25683886942256,7.19822600838854,7.3506839640464605,7.47439885373201,7.55074018401554,7.4468338624249695,7.86668855163046,7.9999976187784,8.77399384551818,9.311609134298768,9.42868968278197,9.92251768347734,9.92121448730366,9.87746326750609,9.59320837791962,9.773399973590433,9.49366755787968,6.7297985867423,6.424621765737291,6.1754299444638,6.21768001083117,6.212642269717519,6.37589351864444,6.48611431067446,6.72103043269181,6.78788155163862,6.28053902798944,6.33187638428488,7.03513388873587,7.1812230453599,7.55813407176488,8.03461755689857,7.887120032656241,7.827679844017251,8.08025021943305,8.56899406245209,8.00403938323371,8.30017911837692,7.867123605430139,8.07663305380863,8.13733274039167,8.21315797849318,7.671201555025211,7.56445088105357,7.632729355369401,7.4966448945296
